{
  "hash": "995125a8",
  "configHash": "02f1086e",
  "lockfileHash": "c2ea945f",
  "browserHash": "1c9dcb8b",
  "optimized": {
    "@angular/common": {
      "src": "../../../../../../node_modules/@angular/common/fesm2022/common.mjs",
      "file": "@angular_common.js",
      "fileHash": "73629527",
      "needsInterop": false
    },
    "@angular/common/http": {
      "src": "../../../../../../node_modules/@angular/common/fesm2022/http.mjs",
      "file": "@angular_common_http.js",
      "fileHash": "47d6bb82",
      "needsInterop": false
    },
    "@angular/core": {
      "src": "../../../../../../node_modules/@angular/core/fesm2022/core.mjs",
      "file": "@angular_core.js",
      "fileHash": "143800c9",
      "needsInterop": false
    },
    "@angular/forms": {
      "src": "../../../../../../node_modules/@angular/forms/fesm2022/forms.mjs",
      "file": "@angular_forms.js",
      "fileHash": "f86c9134",
      "needsInterop": false
    },
    "@angular/platform-browser": {
      "src": "../../../../../../node_modules/@angular/platform-browser/fesm2022/platform-browser.mjs",
      "file": "@angular_platform-browser.js",
      "fileHash": "3ea0a4b2",
      "needsInterop": false
    },
    "@angular/platform-browser/animations": {
      "src": "../../../../../../node_modules/@angular/platform-browser/fesm2022/animations.mjs",
      "file": "@angular_platform-browser_animations.js",
      "fileHash": "f95217ce",
      "needsInterop": false
    },
    "@angular/router": {
      "src": "../../../../../../node_modules/@angular/router/fesm2022/router.mjs",
      "file": "@angular_router.js",
      "fileHash": "bbb7402b",
      "needsInterop": false
    },
    "rxjs": {
      "src": "../../../../../../node_modules/rxjs/dist/esm5/index.js",
      "file": "rxjs.js",
      "fileHash": "75ed0d4e",
      "needsInterop": false
    },
    "rxjs/operators": {
      "src": "../../../../../../node_modules/rxjs/dist/esm5/operators/index.js",
      "file": "rxjs_operators.js",
      "fileHash": "d8e4dd4e",
      "needsInterop": false
    }
  },
  "chunks": {
    "chunk-YA6AF5F6": {
      "file": "chunk-YA6AF5F6.js"
    },
    "chunk-MGBI4YGL": {
      "file": "chunk-MGBI4YGL.js"
    },
    "chunk-C7ADKTFV": {
      "file": "chunk-C7ADKTFV.js"
    },
    "chunk-2MYVPLQR": {
      "file": "chunk-2MYVPLQR.js"
    },
    "chunk-5KK3G4LL": {
      "file": "chunk-5KK3G4LL.js"
    },
    "chunk-SZHVGFCT": {
      "file": "chunk-SZHVGFCT.js"
    },
    "chunk-Z3F4H3BY": {
      "file": "chunk-Z3F4H3BY.js"
    },
    "chunk-6PNJZOQ4": {
      "file": "chunk-6PNJZOQ4.js"
    },
    "chunk-ZG272CAW": {
      "file": "chunk-ZG272CAW.js"
    }
  }
}